ar5cover,dmkdepth,n_skrim,prop_skrim,depth_cm_skrim,n_orskog,prop_orskog,depth_cm_orskog
NA,NA,372,NA,119.31182795698925,1878,NA,125.6405750798722
21,NA,NA,NA,NA,21,0.011182108626198083,29.857142857142858
30,NA,52,0.13978494623655913,64.75,272,0.1448349307774228,71.42279411764706
50,NA,19,0.051075268817204304,97.84210526315789,134,0.07135250266240682,38.66417910447761
60,NA,301,0.8091397849462365,130.09302325581396,1451,0.7726304579339723,145.2226050999311
NA,djup,94,0.25268817204301075,100.30851063829788,659,0.3509052183173589,219.1638846737481
NA,grunn,6,0.016129032258064516,50.166666666666664,838,0.44621938232161873,82.08830548926014
NA,NA,272,0.7311827956989247,127.40441176470588,381,0.20287539936102236,59.669291338582674
