ar5cover,dmkdepth,n_skrim,prop_skrim,depth_cm_skrim,n_orskog,prop_orskog,depth_cm_orskog
NA,NA,372,NA,119.31182795698925,1889,NA,125.10375860243515
21,NA,NA,NA,NA,21,0.01111699311805188,29.857142857142858
30,NA,52,0.13978494623655913,64.75,272,0.1439915299100053,71.42279411764706
50,NA,19,0.051075268817204304,97.84210526315789,134,0.07093700370566437,38.66417910447761
60,NA,301,0.8091397849462365,130.09302325581396,1451,0.7681312863949179,145.2226050999311
NA,djup,94,0.25268817204301075,100.30851063829788,659,0.34886183165696133,219.1638846737481
NA,grunn,6,0.016129032258064516,50.166666666666664,839,0.44415034409740606,82.04886769964243
NA,NA,272,0.7311827956989247,127.40441176470588,391,0.2069878242456326,58.95907928388747
